,startTime,endTime,startFrequency,endFrequency
0,0.05295564501666667,0.06496302963333334,0.09396371882086169,0.192702947845805
1,0.5975953632166667,0.6751815408,0.06696598639455782,0.9977687074829932
