,startTime,endTime,startFrequency,endFrequency
0,0.7382217418,0.7454077835999999,0.09434013605442176,0.21886621315192745
1,0.2564663617,0.2652692629166667,0.1287528344671202,0.21931519274376415
2,0.8205401635666667,0.8777626603666667,0.12273469387755102,0.3615600907029478
3,0.46876054545,0.49188045539999997,0.21931519274376415,0.36648526077097504
