,startTime,endTime,startFrequency,endFrequency
0,0.9806110743666667,0.9830061464666666,0.08472108843537414,0.13472108843537414
1,0.7716849071666666,0.7860399436000001,0.0597233560090703,0.15694331065759637
2,0.4074842997,0.43451439896666666,0.10277551020408163,0.20277551020408163
3,0.4533514303333333,0.4588353768333333,0.16249886621315193,0.24444444444444444
4,0.5263400572,0.6000507499166667,0.16111111111111112,0.3097233560090703
5,0.8916917778833333,0.90362742615,0.1819455782312925,0.34444444444444444
6,0.853137642,0.8603958065,0.08333333333333333,0.40555555555555556
7,0.2275936852,0.23356150933333333,0.15,0.4583310657596372
